{"cameraMode":{"drawMode":0,"name":"Shaded","section":"Shading Mode"},"sceneLighting":false,"audioPlay":false,"sceneViewState":{"showFog":true,"showMaterialUpdate":false,"showSkybox":false,"showFlares":true,"showImageEffects":true,"showParticleSystems":true},"in2DMode":false,"pivot":{"x":-0.04428970813751221,"y":3.5417795181274416,"z":0.0},"rotation":{"x":-0.16609662771224976,"y":-0.18169201910495759,"z":0.031210362911224366,"w":-0.9687827229499817},"size":11.29645824432373,"orthographic":false}