{"cameraMode":{"drawMode":0,"name":"Shaded","section":"Shading Mode"},"sceneLighting":true,"audioPlay":false,"sceneViewState":{"showFog":true,"showMaterialUpdate":false,"showSkybox":true,"showFlares":true,"showImageEffects":true,"showParticleSystems":true},"in2DMode":false,"pivot":{"x":-4.360397815704346,"y":9.994244575500489,"z":-17.361064910888673},"rotation":{"x":-0.1482691913843155,"y":0.0006046689231880009,"z":-0.000001238060917785333,"w":-0.9890123605728149},"size":10.0,"orthographic":false}