{"cameraMode":{"drawMode":0,"name":"Shaded","section":"Shading Mode"},"sceneLighting":true,"audioPlay":false,"sceneViewState":{"showFog":true,"showMaterialUpdate":false,"showSkybox":true,"showFlares":true,"showImageEffects":true,"showParticleSystems":true},"in2DMode":false,"pivot":{"x":0.1645956039428711,"y":26.692371368408204,"z":-44.548622131347659},"rotation":{"x":-0.15277184545993806,"y":0.0082383519038558,"z":0.000027463669539429247,"w":-0.9885965585708618},"size":22.0,"orthographic":false}