{"cameraMode":{"drawMode":0,"name":"Shaded","section":"Shading Mode"},"sceneLighting":true,"audioPlay":false,"sceneViewState":{"showFog":true,"showMaterialUpdate":false,"showSkybox":true,"showFlares":true,"showImageEffects":true,"showParticleSystems":true},"in2DMode":false,"pivot":{"x":0.17980465292930604,"y":5.328195095062256,"z":-3.840116500854492},"rotation":{"x":-0.1199975311756134,"y":-0.02174469642341137,"z":0.0026163433212786915,"w":-0.9925872683525086},"size":10.0,"orthographic":false}