{"cameraMode":{"drawMode":0,"name":"Shaded","section":"Shading Mode"},"sceneLighting":true,"audioPlay":false,"sceneViewState":{"showFog":true,"showMaterialUpdate":false,"showSkybox":true,"showFlares":true,"showImageEffects":true,"showParticleSystems":true},"in2DMode":false,"pivot":{"x":2.0732033252716066,"y":9.622400283813477,"z":-17.737455368041993},"rotation":{"x":-0.20138218998908997,"y":-0.019983641803264619,"z":0.004110749810934067,"w":-0.9793081283569336},"size":10.0,"orthographic":false}