{"cameraMode":{"drawMode":0,"name":"Shaded","section":"Shading Mode"},"sceneLighting":true,"audioPlay":false,"sceneViewState":{"showFog":true,"showMaterialUpdate":false,"showSkybox":true,"showFlares":true,"showImageEffects":true,"showParticleSystems":true},"in2DMode":false,"pivot":{"x":5.391629695892334,"y":26.683549880981447,"z":69.40032958984375},"rotation":{"x":0.0071835508570075039,"y":-0.026403464376926423,"z":-0.00037285187863744795,"w":-0.9997473955154419},"size":126.38692474365235,"orthographic":false}